{"_module": "oauth2client.client", "scopes": ["https://www.googleapis.com/auth/drive"], "token_expiry": "2019-03-18T13:14:23Z", "id_token": null, "user_agent": null, "access_token": "ya29.GlvQBq5AvEmO65g78tCRn05nEdfsvLjP-WgNa6PkU3A9aUYWzGr6FbuE-aVFwr-pMwi2O8RE1XIijZ8RmNbwRKkwfWNw9FjiVvROq3xA2IhBslS7Q9q0O_M_MA_K", "token_uri": "https://oauth2.googleapis.com/token", "invalid": false, "token_response": {"access_token": "ya29.GlvQBq5AvEmO65g78tCRn05nEdfsvLjP-WgNa6PkU3A9aUYWzGr6FbuE-aVFwr-pMwi2O8RE1XIijZ8RmNbwRKkwfWNw9FjiVvROq3xA2IhBslS7Q9q0O_M_MA_K", "scope": "https://www.googleapis.com/auth/drive", "token_type": "Bearer", "expires_in": 3600, "refresh_token": "1/aG49DMl2FwXyiEw0OS-YYg1QJIyWnjJlFlnMhrgqzAc"}, "client_id": "635748209178-17jtdarnil7drtrp8kfpcsttlhoponqt.apps.googleusercontent.com", "token_info_uri": "https://oauth2.googleapis.com/tokeninfo", "client_secret": "GoVgwcbABkFhE7p6NwXY4zFl", "revoke_uri": "https://oauth2.googleapis.com/revoke", "_class": "OAuth2Credentials", "refresh_token": "1/aG49DMl2FwXyiEw0OS-YYg1QJIyWnjJlFlnMhrgqzAc", "id_token_jwt": null}